Stage,Expression
0,"RecExpr { nodes: [CreateTable(CreateTable { schema_id: 1, table_name: ""nation"", columns: [ColumnCatalog { id: 0, desc: ColumnDesc { name: ""n_nationkey"", data_type: Int32, is_nullable: false, is_primary: true } }, ColumnCatalog { id: 1, desc: ColumnDesc { name: ""n_name"", data_type: String, is_nullable: false, is_primary: false } }, ColumnCatalog { id: 2, desc: ColumnDesc { name: ""n_regionkey"", data_type: Int32, is_nullable: false, is_primary: false } }, ColumnCatalog { id: 3, desc: ColumnDesc { name: ""n_comment"", data_type: String, is_nullable: true, is_primary: false } }], ordered_pk_ids: [0] })] }"
1,"RecExpr { nodes: [CreateTable(CreateTable { schema_id: 1, table_name: ""nation"", columns: [ColumnCatalog { id: 0, desc: ColumnDesc { name: ""n_nationkey"", data_type: Int32, is_nullable: false, is_primary: true } }, ColumnCatalog { id: 1, desc: ColumnDesc { name: ""n_name"", data_type: String, is_nullable: false, is_primary: false } }, ColumnCatalog { id: 2, desc: ColumnDesc { name: ""n_regionkey"", data_type: Int32, is_nullable: false, is_primary: false } }, ColumnCatalog { id: 3, desc: ColumnDesc { name: ""n_comment"", data_type: String, is_nullable: true, is_primary: false } }], ordered_pk_ids: [0] })] }"
2,"RecExpr { nodes: [CreateTable(CreateTable { schema_id: 1, table_name: ""nation"", columns: [ColumnCatalog { id: 0, desc: ColumnDesc { name: ""n_nationkey"", data_type: Int32, is_nullable: false, is_primary: true } }, ColumnCatalog { id: 1, desc: ColumnDesc { name: ""n_name"", data_type: String, is_nullable: false, is_primary: false } }, ColumnCatalog { id: 2, desc: ColumnDesc { name: ""n_regionkey"", data_type: Int32, is_nullable: false, is_primary: false } }, ColumnCatalog { id: 3, desc: ColumnDesc { name: ""n_comment"", data_type: String, is_nullable: true, is_primary: false } }], ordered_pk_ids: [0] })] }"
3,"RecExpr { nodes: [CreateTable(CreateTable { schema_id: 1, table_name: ""nation"", columns: [ColumnCatalog { id: 0, desc: ColumnDesc { name: ""n_nationkey"", data_type: Int32, is_nullable: false, is_primary: true } }, ColumnCatalog { id: 1, desc: ColumnDesc { name: ""n_name"", data_type: String, is_nullable: false, is_primary: false } }, ColumnCatalog { id: 2, desc: ColumnDesc { name: ""n_regionkey"", data_type: Int32, is_nullable: false, is_primary: false } }, ColumnCatalog { id: 3, desc: ColumnDesc { name: ""n_comment"", data_type: String, is_nullable: true, is_primary: false } }], ordered_pk_ids: [0] })] }"
0,"RecExpr { nodes: [CreateTable(CreateTable { schema_id: 1, table_name: ""region"", columns: [ColumnCatalog { id: 0, desc: ColumnDesc { name: ""r_regionkey"", data_type: Int32, is_nullable: false, is_primary: true } }, ColumnCatalog { id: 1, desc: ColumnDesc { name: ""r_name"", data_type: String, is_nullable: false, is_primary: false } }, ColumnCatalog { id: 2, desc: ColumnDesc { name: ""r_comment"", data_type: String, is_nullable: true, is_primary: false } }], ordered_pk_ids: [0] })] }"
1,"RecExpr { nodes: [CreateTable(CreateTable { schema_id: 1, table_name: ""region"", columns: [ColumnCatalog { id: 0, desc: ColumnDesc { name: ""r_regionkey"", data_type: Int32, is_nullable: false, is_primary: true } }, ColumnCatalog { id: 1, desc: ColumnDesc { name: ""r_name"", data_type: String, is_nullable: false, is_primary: false } }, ColumnCatalog { id: 2, desc: ColumnDesc { name: ""r_comment"", data_type: String, is_nullable: true, is_primary: false } }], ordered_pk_ids: [0] })] }"
2,"RecExpr { nodes: [CreateTable(CreateTable { schema_id: 1, table_name: ""region"", columns: [ColumnCatalog { id: 0, desc: ColumnDesc { name: ""r_regionkey"", data_type: Int32, is_nullable: false, is_primary: true } }, ColumnCatalog { id: 1, desc: ColumnDesc { name: ""r_name"", data_type: String, is_nullable: false, is_primary: false } }, ColumnCatalog { id: 2, desc: ColumnDesc { name: ""r_comment"", data_type: String, is_nullable: true, is_primary: false } }], ordered_pk_ids: [0] })] }"
3,"RecExpr { nodes: [CreateTable(CreateTable { schema_id: 1, table_name: ""region"", columns: [ColumnCatalog { id: 0, desc: ColumnDesc { name: ""r_regionkey"", data_type: Int32, is_nullable: false, is_primary: true } }, ColumnCatalog { id: 1, desc: ColumnDesc { name: ""r_name"", data_type: String, is_nullable: false, is_primary: false } }, ColumnCatalog { id: 2, desc: ColumnDesc { name: ""r_comment"", data_type: String, is_nullable: true, is_primary: false } }], ordered_pk_ids: [0] })] }"
0,"RecExpr { nodes: [CreateTable(CreateTable { schema_id: 1, table_name: ""part"", columns: [ColumnCatalog { id: 0, desc: ColumnDesc { name: ""p_partkey"", data_type: Int32, is_nullable: false, is_primary: true } }, ColumnCatalog { id: 1, desc: ColumnDesc { name: ""p_name"", data_type: String, is_nullable: false, is_primary: false } }, ColumnCatalog { id: 2, desc: ColumnDesc { name: ""p_mfgr"", data_type: String, is_nullable: false, is_primary: false } }, ColumnCatalog { id: 3, desc: ColumnDesc { name: ""p_brand"", data_type: String, is_nullable: false, is_primary: false } }, ColumnCatalog { id: 4, desc: ColumnDesc { name: ""p_type"", data_type: String, is_nullable: false, is_primary: false } }, ColumnCatalog { id: 5, desc: ColumnDesc { name: ""p_size"", data_type: Int32, is_nullable: false, is_primary: false } }, ColumnCatalog { id: 6, desc: ColumnDesc { name: ""p_container"", data_type: String, is_nullable: false, is_primary: false } }, ColumnCatalog { id: 7, desc: ColumnDesc { name: ""p_retailprice"", data_type: Decimal(Some(15), Some(2)), is_nullable: false, is_primary: false } }, ColumnCatalog { id: 8, desc: ColumnDesc { name: ""p_comment"", data_type: String, is_nullable: false, is_primary: false } }], ordered_pk_ids: [0] })] }"
1,"RecExpr { nodes: [CreateTable(CreateTable { schema_id: 1, table_name: ""part"", columns: [ColumnCatalog { id: 0, desc: ColumnDesc { name: ""p_partkey"", data_type: Int32, is_nullable: false, is_primary: true } }, ColumnCatalog { id: 1, desc: ColumnDesc { name: ""p_name"", data_type: String, is_nullable: false, is_primary: false } }, ColumnCatalog { id: 2, desc: ColumnDesc { name: ""p_mfgr"", data_type: String, is_nullable: false, is_primary: false } }, ColumnCatalog { id: 3, desc: ColumnDesc { name: ""p_brand"", data_type: String, is_nullable: false, is_primary: false } }, ColumnCatalog { id: 4, desc: ColumnDesc { name: ""p_type"", data_type: String, is_nullable: false, is_primary: false } }, ColumnCatalog { id: 5, desc: ColumnDesc { name: ""p_size"", data_type: Int32, is_nullable: false, is_primary: false } }, ColumnCatalog { id: 6, desc: ColumnDesc { name: ""p_container"", data_type: String, is_nullable: false, is_primary: false } }, ColumnCatalog { id: 7, desc: ColumnDesc { name: ""p_retailprice"", data_type: Decimal(Some(15), Some(2)), is_nullable: false, is_primary: false } }, ColumnCatalog { id: 8, desc: ColumnDesc { name: ""p_comment"", data_type: String, is_nullable: false, is_primary: false } }], ordered_pk_ids: [0] })] }"
2,"RecExpr { nodes: [CreateTable(CreateTable { schema_id: 1, table_name: ""part"", columns: [ColumnCatalog { id: 0, desc: ColumnDesc { name: ""p_partkey"", data_type: Int32, is_nullable: false, is_primary: true } }, ColumnCatalog { id: 1, desc: ColumnDesc { name: ""p_name"", data_type: String, is_nullable: false, is_primary: false } }, ColumnCatalog { id: 2, desc: ColumnDesc { name: ""p_mfgr"", data_type: String, is_nullable: false, is_primary: false } }, ColumnCatalog { id: 3, desc: ColumnDesc { name: ""p_brand"", data_type: String, is_nullable: false, is_primary: false } }, ColumnCatalog { id: 4, desc: ColumnDesc { name: ""p_type"", data_type: String, is_nullable: false, is_primary: false } }, ColumnCatalog { id: 5, desc: ColumnDesc { name: ""p_size"", data_type: Int32, is_nullable: false, is_primary: false } }, ColumnCatalog { id: 6, desc: ColumnDesc { name: ""p_container"", data_type: String, is_nullable: false, is_primary: false } }, ColumnCatalog { id: 7, desc: ColumnDesc { name: ""p_retailprice"", data_type: Decimal(Some(15), Some(2)), is_nullable: false, is_primary: false } }, ColumnCatalog { id: 8, desc: ColumnDesc { name: ""p_comment"", data_type: String, is_nullable: false, is_primary: false } }], ordered_pk_ids: [0] })] }"
3,"RecExpr { nodes: [CreateTable(CreateTable { schema_id: 1, table_name: ""part"", columns: [ColumnCatalog { id: 0, desc: ColumnDesc { name: ""p_partkey"", data_type: Int32, is_nullable: false, is_primary: true } }, ColumnCatalog { id: 1, desc: ColumnDesc { name: ""p_name"", data_type: String, is_nullable: false, is_primary: false } }, ColumnCatalog { id: 2, desc: ColumnDesc { name: ""p_mfgr"", data_type: String, is_nullable: false, is_primary: false } }, ColumnCatalog { id: 3, desc: ColumnDesc { name: ""p_brand"", data_type: String, is_nullable: false, is_primary: false } }, ColumnCatalog { id: 4, desc: ColumnDesc { name: ""p_type"", data_type: String, is_nullable: false, is_primary: false } }, ColumnCatalog { id: 5, desc: ColumnDesc { name: ""p_size"", data_type: Int32, is_nullable: false, is_primary: false } }, ColumnCatalog { id: 6, desc: ColumnDesc { name: ""p_container"", data_type: String, is_nullable: false, is_primary: false } }, ColumnCatalog { id: 7, desc: ColumnDesc { name: ""p_retailprice"", data_type: Decimal(Some(15), Some(2)), is_nullable: false, is_primary: false } }, ColumnCatalog { id: 8, desc: ColumnDesc { name: ""p_comment"", data_type: String, is_nullable: false, is_primary: false } }], ordered_pk_ids: [0] })] }"
0,"RecExpr { nodes: [CreateTable(CreateTable { schema_id: 1, table_name: ""supplier"", columns: [ColumnCatalog { id: 0, desc: ColumnDesc { name: ""s_suppkey"", data_type: Int32, is_nullable: false, is_primary: true } }, ColumnCatalog { id: 1, desc: ColumnDesc { name: ""s_name"", data_type: String, is_nullable: false, is_primary: false } }, ColumnCatalog { id: 2, desc: ColumnDesc { name: ""s_address"", data_type: String, is_nullable: false, is_primary: false } }, ColumnCatalog { id: 3, desc: ColumnDesc { name: ""s_nationkey"", data_type: Int32, is_nullable: false, is_primary: false } }, ColumnCatalog { id: 4, desc: ColumnDesc { name: ""s_phone"", data_type: String, is_nullable: false, is_primary: false } }, ColumnCatalog { id: 5, desc: ColumnDesc { name: ""s_acctbal"", data_type: Decimal(Some(15), Some(2)), is_nullable: false, is_primary: false } }, ColumnCatalog { id: 6, desc: ColumnDesc { name: ""s_comment"", data_type: String, is_nullable: false, is_primary: false } }], ordered_pk_ids: [0] })] }"
1,"RecExpr { nodes: [CreateTable(CreateTable { schema_id: 1, table_name: ""supplier"", columns: [ColumnCatalog { id: 0, desc: ColumnDesc { name: ""s_suppkey"", data_type: Int32, is_nullable: false, is_primary: true } }, ColumnCatalog { id: 1, desc: ColumnDesc { name: ""s_name"", data_type: String, is_nullable: false, is_primary: false } }, ColumnCatalog { id: 2, desc: ColumnDesc { name: ""s_address"", data_type: String, is_nullable: false, is_primary: false } }, ColumnCatalog { id: 3, desc: ColumnDesc { name: ""s_nationkey"", data_type: Int32, is_nullable: false, is_primary: false } }, ColumnCatalog { id: 4, desc: ColumnDesc { name: ""s_phone"", data_type: String, is_nullable: false, is_primary: false } }, ColumnCatalog { id: 5, desc: ColumnDesc { name: ""s_acctbal"", data_type: Decimal(Some(15), Some(2)), is_nullable: false, is_primary: false } }, ColumnCatalog { id: 6, desc: ColumnDesc { name: ""s_comment"", data_type: String, is_nullable: false, is_primary: false } }], ordered_pk_ids: [0] })] }"
2,"RecExpr { nodes: [CreateTable(CreateTable { schema_id: 1, table_name: ""supplier"", columns: [ColumnCatalog { id: 0, desc: ColumnDesc { name: ""s_suppkey"", data_type: Int32, is_nullable: false, is_primary: true } }, ColumnCatalog { id: 1, desc: ColumnDesc { name: ""s_name"", data_type: String, is_nullable: false, is_primary: false } }, ColumnCatalog { id: 2, desc: ColumnDesc { name: ""s_address"", data_type: String, is_nullable: false, is_primary: false } }, ColumnCatalog { id: 3, desc: ColumnDesc { name: ""s_nationkey"", data_type: Int32, is_nullable: false, is_primary: false } }, ColumnCatalog { id: 4, desc: ColumnDesc { name: ""s_phone"", data_type: String, is_nullable: false, is_primary: false } }, ColumnCatalog { id: 5, desc: ColumnDesc { name: ""s_acctbal"", data_type: Decimal(Some(15), Some(2)), is_nullable: false, is_primary: false } }, ColumnCatalog { id: 6, desc: ColumnDesc { name: ""s_comment"", data_type: String, is_nullable: false, is_primary: false } }], ordered_pk_ids: [0] })] }"
3,"RecExpr { nodes: [CreateTable(CreateTable { schema_id: 1, table_name: ""supplier"", columns: [ColumnCatalog { id: 0, desc: ColumnDesc { name: ""s_suppkey"", data_type: Int32, is_nullable: false, is_primary: true } }, ColumnCatalog { id: 1, desc: ColumnDesc { name: ""s_name"", data_type: String, is_nullable: false, is_primary: false } }, ColumnCatalog { id: 2, desc: ColumnDesc { name: ""s_address"", data_type: String, is_nullable: false, is_primary: false } }, ColumnCatalog { id: 3, desc: ColumnDesc { name: ""s_nationkey"", data_type: Int32, is_nullable: false, is_primary: false } }, ColumnCatalog { id: 4, desc: ColumnDesc { name: ""s_phone"", data_type: String, is_nullable: false, is_primary: false } }, ColumnCatalog { id: 5, desc: ColumnDesc { name: ""s_acctbal"", data_type: Decimal(Some(15), Some(2)), is_nullable: false, is_primary: false } }, ColumnCatalog { id: 6, desc: ColumnDesc { name: ""s_comment"", data_type: String, is_nullable: false, is_primary: false } }], ordered_pk_ids: [0] })] }"
0,"RecExpr { nodes: [CreateTable(CreateTable { schema_id: 1, table_name: ""partsupp"", columns: [ColumnCatalog { id: 0, desc: ColumnDesc { name: ""ps_partkey"", data_type: Int32, is_nullable: false, is_primary: false } }, ColumnCatalog { id: 1, desc: ColumnDesc { name: ""ps_suppkey"", data_type: Int32, is_nullable: false, is_primary: false } }, ColumnCatalog { id: 2, desc: ColumnDesc { name: ""ps_availqty"", data_type: Int32, is_nullable: false, is_primary: false } }, ColumnCatalog { id: 3, desc: ColumnDesc { name: ""ps_supplycost"", data_type: Decimal(Some(15), Some(2)), is_nullable: false, is_primary: false } }, ColumnCatalog { id: 4, desc: ColumnDesc { name: ""ps_comment"", data_type: String, is_nullable: false, is_primary: false } }], ordered_pk_ids: [] })] }"
1,"RecExpr { nodes: [CreateTable(CreateTable { schema_id: 1, table_name: ""partsupp"", columns: [ColumnCatalog { id: 0, desc: ColumnDesc { name: ""ps_partkey"", data_type: Int32, is_nullable: false, is_primary: false } }, ColumnCatalog { id: 1, desc: ColumnDesc { name: ""ps_suppkey"", data_type: Int32, is_nullable: false, is_primary: false } }, ColumnCatalog { id: 2, desc: ColumnDesc { name: ""ps_availqty"", data_type: Int32, is_nullable: false, is_primary: false } }, ColumnCatalog { id: 3, desc: ColumnDesc { name: ""ps_supplycost"", data_type: Decimal(Some(15), Some(2)), is_nullable: false, is_primary: false } }, ColumnCatalog { id: 4, desc: ColumnDesc { name: ""ps_comment"", data_type: String, is_nullable: false, is_primary: false } }], ordered_pk_ids: [] })] }"
2,"RecExpr { nodes: [CreateTable(CreateTable { schema_id: 1, table_name: ""partsupp"", columns: [ColumnCatalog { id: 0, desc: ColumnDesc { name: ""ps_partkey"", data_type: Int32, is_nullable: false, is_primary: false } }, ColumnCatalog { id: 1, desc: ColumnDesc { name: ""ps_suppkey"", data_type: Int32, is_nullable: false, is_primary: false } }, ColumnCatalog { id: 2, desc: ColumnDesc { name: ""ps_availqty"", data_type: Int32, is_nullable: false, is_primary: false } }, ColumnCatalog { id: 3, desc: ColumnDesc { name: ""ps_supplycost"", data_type: Decimal(Some(15), Some(2)), is_nullable: false, is_primary: false } }, ColumnCatalog { id: 4, desc: ColumnDesc { name: ""ps_comment"", data_type: String, is_nullable: false, is_primary: false } }], ordered_pk_ids: [] })] }"
3,"RecExpr { nodes: [CreateTable(CreateTable { schema_id: 1, table_name: ""partsupp"", columns: [ColumnCatalog { id: 0, desc: ColumnDesc { name: ""ps_partkey"", data_type: Int32, is_nullable: false, is_primary: false } }, ColumnCatalog { id: 1, desc: ColumnDesc { name: ""ps_suppkey"", data_type: Int32, is_nullable: false, is_primary: false } }, ColumnCatalog { id: 2, desc: ColumnDesc { name: ""ps_availqty"", data_type: Int32, is_nullable: false, is_primary: false } }, ColumnCatalog { id: 3, desc: ColumnDesc { name: ""ps_supplycost"", data_type: Decimal(Some(15), Some(2)), is_nullable: false, is_primary: false } }, ColumnCatalog { id: 4, desc: ColumnDesc { name: ""ps_comment"", data_type: String, is_nullable: false, is_primary: false } }], ordered_pk_ids: [] })] }"
0,"RecExpr { nodes: [CreateTable(CreateTable { schema_id: 1, table_name: ""customer"", columns: [ColumnCatalog { id: 0, desc: ColumnDesc { name: ""c_custkey"", data_type: Int32, is_nullable: false, is_primary: true } }, ColumnCatalog { id: 1, desc: ColumnDesc { name: ""c_name"", data_type: String, is_nullable: false, is_primary: false } }, ColumnCatalog { id: 2, desc: ColumnDesc { name: ""c_address"", data_type: String, is_nullable: false, is_primary: false } }, ColumnCatalog { id: 3, desc: ColumnDesc { name: ""c_nationkey"", data_type: Int32, is_nullable: false, is_primary: false } }, ColumnCatalog { id: 4, desc: ColumnDesc { name: ""c_phone"", data_type: String, is_nullable: false, is_primary: false } }, ColumnCatalog { id: 5, desc: ColumnDesc { name: ""c_acctbal"", data_type: Decimal(Some(15), Some(2)), is_nullable: false, is_primary: false } }, ColumnCatalog { id: 6, desc: ColumnDesc { name: ""c_mktsegment"", data_type: String, is_nullable: false, is_primary: false } }, ColumnCatalog { id: 7, desc: ColumnDesc { name: ""c_comment"", data_type: String, is_nullable: false, is_primary: false } }], ordered_pk_ids: [0] })] }"
1,"RecExpr { nodes: [CreateTable(CreateTable { schema_id: 1, table_name: ""customer"", columns: [ColumnCatalog { id: 0, desc: ColumnDesc { name: ""c_custkey"", data_type: Int32, is_nullable: false, is_primary: true } }, ColumnCatalog { id: 1, desc: ColumnDesc { name: ""c_name"", data_type: String, is_nullable: false, is_primary: false } }, ColumnCatalog { id: 2, desc: ColumnDesc { name: ""c_address"", data_type: String, is_nullable: false, is_primary: false } }, ColumnCatalog { id: 3, desc: ColumnDesc { name: ""c_nationkey"", data_type: Int32, is_nullable: false, is_primary: false } }, ColumnCatalog { id: 4, desc: ColumnDesc { name: ""c_phone"", data_type: String, is_nullable: false, is_primary: false } }, ColumnCatalog { id: 5, desc: ColumnDesc { name: ""c_acctbal"", data_type: Decimal(Some(15), Some(2)), is_nullable: false, is_primary: false } }, ColumnCatalog { id: 6, desc: ColumnDesc { name: ""c_mktsegment"", data_type: String, is_nullable: false, is_primary: false } }, ColumnCatalog { id: 7, desc: ColumnDesc { name: ""c_comment"", data_type: String, is_nullable: false, is_primary: false } }], ordered_pk_ids: [0] })] }"
2,"RecExpr { nodes: [CreateTable(CreateTable { schema_id: 1, table_name: ""customer"", columns: [ColumnCatalog { id: 0, desc: ColumnDesc { name: ""c_custkey"", data_type: Int32, is_nullable: false, is_primary: true } }, ColumnCatalog { id: 1, desc: ColumnDesc { name: ""c_name"", data_type: String, is_nullable: false, is_primary: false } }, ColumnCatalog { id: 2, desc: ColumnDesc { name: ""c_address"", data_type: String, is_nullable: false, is_primary: false } }, ColumnCatalog { id: 3, desc: ColumnDesc { name: ""c_nationkey"", data_type: Int32, is_nullable: false, is_primary: false } }, ColumnCatalog { id: 4, desc: ColumnDesc { name: ""c_phone"", data_type: String, is_nullable: false, is_primary: false } }, ColumnCatalog { id: 5, desc: ColumnDesc { name: ""c_acctbal"", data_type: Decimal(Some(15), Some(2)), is_nullable: false, is_primary: false } }, ColumnCatalog { id: 6, desc: ColumnDesc { name: ""c_mktsegment"", data_type: String, is_nullable: false, is_primary: false } }, ColumnCatalog { id: 7, desc: ColumnDesc { name: ""c_comment"", data_type: String, is_nullable: false, is_primary: false } }], ordered_pk_ids: [0] })] }"
3,"RecExpr { nodes: [CreateTable(CreateTable { schema_id: 1, table_name: ""customer"", columns: [ColumnCatalog { id: 0, desc: ColumnDesc { name: ""c_custkey"", data_type: Int32, is_nullable: false, is_primary: true } }, ColumnCatalog { id: 1, desc: ColumnDesc { name: ""c_name"", data_type: String, is_nullable: false, is_primary: false } }, ColumnCatalog { id: 2, desc: ColumnDesc { name: ""c_address"", data_type: String, is_nullable: false, is_primary: false } }, ColumnCatalog { id: 3, desc: ColumnDesc { name: ""c_nationkey"", data_type: Int32, is_nullable: false, is_primary: false } }, ColumnCatalog { id: 4, desc: ColumnDesc { name: ""c_phone"", data_type: String, is_nullable: false, is_primary: false } }, ColumnCatalog { id: 5, desc: ColumnDesc { name: ""c_acctbal"", data_type: Decimal(Some(15), Some(2)), is_nullable: false, is_primary: false } }, ColumnCatalog { id: 6, desc: ColumnDesc { name: ""c_mktsegment"", data_type: String, is_nullable: false, is_primary: false } }, ColumnCatalog { id: 7, desc: ColumnDesc { name: ""c_comment"", data_type: String, is_nullable: false, is_primary: false } }], ordered_pk_ids: [0] })] }"
0,"RecExpr { nodes: [CreateTable(CreateTable { schema_id: 1, table_name: ""orders"", columns: [ColumnCatalog { id: 0, desc: ColumnDesc { name: ""o_orderkey"", data_type: Int32, is_nullable: false, is_primary: true } }, ColumnCatalog { id: 1, desc: ColumnDesc { name: ""o_custkey"", data_type: Int32, is_nullable: false, is_primary: false } }, ColumnCatalog { id: 2, desc: ColumnDesc { name: ""o_orderstatus"", data_type: String, is_nullable: false, is_primary: false } }, ColumnCatalog { id: 3, desc: ColumnDesc { name: ""o_totalprice"", data_type: Decimal(Some(15), Some(2)), is_nullable: false, is_primary: false } }, ColumnCatalog { id: 4, desc: ColumnDesc { name: ""o_orderdate"", data_type: Date, is_nullable: false, is_primary: false } }, ColumnCatalog { id: 5, desc: ColumnDesc { name: ""o_orderpriority"", data_type: String, is_nullable: false, is_primary: false } }, ColumnCatalog { id: 6, desc: ColumnDesc { name: ""o_clerk"", data_type: String, is_nullable: false, is_primary: false } }, ColumnCatalog { id: 7, desc: ColumnDesc { name: ""o_shippriority"", data_type: Int32, is_nullable: false, is_primary: false } }, ColumnCatalog { id: 8, desc: ColumnDesc { name: ""o_comment"", data_type: String, is_nullable: false, is_primary: false } }], ordered_pk_ids: [0] })] }"
1,"RecExpr { nodes: [CreateTable(CreateTable { schema_id: 1, table_name: ""orders"", columns: [ColumnCatalog { id: 0, desc: ColumnDesc { name: ""o_orderkey"", data_type: Int32, is_nullable: false, is_primary: true } }, ColumnCatalog { id: 1, desc: ColumnDesc { name: ""o_custkey"", data_type: Int32, is_nullable: false, is_primary: false } }, ColumnCatalog { id: 2, desc: ColumnDesc { name: ""o_orderstatus"", data_type: String, is_nullable: false, is_primary: false } }, ColumnCatalog { id: 3, desc: ColumnDesc { name: ""o_totalprice"", data_type: Decimal(Some(15), Some(2)), is_nullable: false, is_primary: false } }, ColumnCatalog { id: 4, desc: ColumnDesc { name: ""o_orderdate"", data_type: Date, is_nullable: false, is_primary: false } }, ColumnCatalog { id: 5, desc: ColumnDesc { name: ""o_orderpriority"", data_type: String, is_nullable: false, is_primary: false } }, ColumnCatalog { id: 6, desc: ColumnDesc { name: ""o_clerk"", data_type: String, is_nullable: false, is_primary: false } }, ColumnCatalog { id: 7, desc: ColumnDesc { name: ""o_shippriority"", data_type: Int32, is_nullable: false, is_primary: false } }, ColumnCatalog { id: 8, desc: ColumnDesc { name: ""o_comment"", data_type: String, is_nullable: false, is_primary: false } }], ordered_pk_ids: [0] })] }"
2,"RecExpr { nodes: [CreateTable(CreateTable { schema_id: 1, table_name: ""orders"", columns: [ColumnCatalog { id: 0, desc: ColumnDesc { name: ""o_orderkey"", data_type: Int32, is_nullable: false, is_primary: true } }, ColumnCatalog { id: 1, desc: ColumnDesc { name: ""o_custkey"", data_type: Int32, is_nullable: false, is_primary: false } }, ColumnCatalog { id: 2, desc: ColumnDesc { name: ""o_orderstatus"", data_type: String, is_nullable: false, is_primary: false } }, ColumnCatalog { id: 3, desc: ColumnDesc { name: ""o_totalprice"", data_type: Decimal(Some(15), Some(2)), is_nullable: false, is_primary: false } }, ColumnCatalog { id: 4, desc: ColumnDesc { name: ""o_orderdate"", data_type: Date, is_nullable: false, is_primary: false } }, ColumnCatalog { id: 5, desc: ColumnDesc { name: ""o_orderpriority"", data_type: String, is_nullable: false, is_primary: false } }, ColumnCatalog { id: 6, desc: ColumnDesc { name: ""o_clerk"", data_type: String, is_nullable: false, is_primary: false } }, ColumnCatalog { id: 7, desc: ColumnDesc { name: ""o_shippriority"", data_type: Int32, is_nullable: false, is_primary: false } }, ColumnCatalog { id: 8, desc: ColumnDesc { name: ""o_comment"", data_type: String, is_nullable: false, is_primary: false } }], ordered_pk_ids: [0] })] }"
3,"RecExpr { nodes: [CreateTable(CreateTable { schema_id: 1, table_name: ""orders"", columns: [ColumnCatalog { id: 0, desc: ColumnDesc { name: ""o_orderkey"", data_type: Int32, is_nullable: false, is_primary: true } }, ColumnCatalog { id: 1, desc: ColumnDesc { name: ""o_custkey"", data_type: Int32, is_nullable: false, is_primary: false } }, ColumnCatalog { id: 2, desc: ColumnDesc { name: ""o_orderstatus"", data_type: String, is_nullable: false, is_primary: false } }, ColumnCatalog { id: 3, desc: ColumnDesc { name: ""o_totalprice"", data_type: Decimal(Some(15), Some(2)), is_nullable: false, is_primary: false } }, ColumnCatalog { id: 4, desc: ColumnDesc { name: ""o_orderdate"", data_type: Date, is_nullable: false, is_primary: false } }, ColumnCatalog { id: 5, desc: ColumnDesc { name: ""o_orderpriority"", data_type: String, is_nullable: false, is_primary: false } }, ColumnCatalog { id: 6, desc: ColumnDesc { name: ""o_clerk"", data_type: String, is_nullable: false, is_primary: false } }, ColumnCatalog { id: 7, desc: ColumnDesc { name: ""o_shippriority"", data_type: Int32, is_nullable: false, is_primary: false } }, ColumnCatalog { id: 8, desc: ColumnDesc { name: ""o_comment"", data_type: String, is_nullable: false, is_primary: false } }], ordered_pk_ids: [0] })] }"
0,"RecExpr { nodes: [CreateTable(CreateTable { schema_id: 1, table_name: ""lineitem"", columns: [ColumnCatalog { id: 0, desc: ColumnDesc { name: ""l_orderkey"", data_type: Int32, is_nullable: false, is_primary: false } }, ColumnCatalog { id: 1, desc: ColumnDesc { name: ""l_partkey"", data_type: Int32, is_nullable: false, is_primary: false } }, ColumnCatalog { id: 2, desc: ColumnDesc { name: ""l_suppkey"", data_type: Int32, is_nullable: false, is_primary: false } }, ColumnCatalog { id: 3, desc: ColumnDesc { name: ""l_linenumber"", data_type: Int32, is_nullable: false, is_primary: false } }, ColumnCatalog { id: 4, desc: ColumnDesc { name: ""l_quantity"", data_type: Decimal(Some(15), Some(2)), is_nullable: false, is_primary: false } }, ColumnCatalog { id: 5, desc: ColumnDesc { name: ""l_extendedprice"", data_type: Decimal(Some(15), Some(2)), is_nullable: false, is_primary: false } }, ColumnCatalog { id: 6, desc: ColumnDesc { name: ""l_discount"", data_type: Decimal(Some(15), Some(2)), is_nullable: false, is_primary: false } }, ColumnCatalog { id: 7, desc: ColumnDesc { name: ""l_tax"", data_type: Decimal(Some(15), Some(2)), is_nullable: false, is_primary: false } }, ColumnCatalog { id: 8, desc: ColumnDesc { name: ""l_returnflag"", data_type: String, is_nullable: false, is_primary: false } }, ColumnCatalog { id: 9, desc: ColumnDesc { name: ""l_linestatus"", data_type: String, is_nullable: false, is_primary: false } }, ColumnCatalog { id: 10, desc: ColumnDesc { name: ""l_shipdate"", data_type: Date, is_nullable: false, is_primary: false } }, ColumnCatalog { id: 11, desc: ColumnDesc { name: ""l_commitdate"", data_type: Date, is_nullable: false, is_primary: false } }, ColumnCatalog { id: 12, desc: ColumnDesc { name: ""l_receiptdate"", data_type: Date, is_nullable: false, is_primary: false } }, ColumnCatalog { id: 13, desc: ColumnDesc { name: ""l_shipinstruct"", data_type: String, is_nullable: false, is_primary: false } }, ColumnCatalog { id: 14, desc: ColumnDesc { name: ""l_shipmode"", data_type: String, is_nullable: false, is_primary: false } }, ColumnCatalog { id: 15, desc: ColumnDesc { name: ""l_comment"", data_type: String, is_nullable: false, is_primary: false } }], ordered_pk_ids: [] })] }"
1,"RecExpr { nodes: [CreateTable(CreateTable { schema_id: 1, table_name: ""lineitem"", columns: [ColumnCatalog { id: 0, desc: ColumnDesc { name: ""l_orderkey"", data_type: Int32, is_nullable: false, is_primary: false } }, ColumnCatalog { id: 1, desc: ColumnDesc { name: ""l_partkey"", data_type: Int32, is_nullable: false, is_primary: false } }, ColumnCatalog { id: 2, desc: ColumnDesc { name: ""l_suppkey"", data_type: Int32, is_nullable: false, is_primary: false } }, ColumnCatalog { id: 3, desc: ColumnDesc { name: ""l_linenumber"", data_type: Int32, is_nullable: false, is_primary: false } }, ColumnCatalog { id: 4, desc: ColumnDesc { name: ""l_quantity"", data_type: Decimal(Some(15), Some(2)), is_nullable: false, is_primary: false } }, ColumnCatalog { id: 5, desc: ColumnDesc { name: ""l_extendedprice"", data_type: Decimal(Some(15), Some(2)), is_nullable: false, is_primary: false } }, ColumnCatalog { id: 6, desc: ColumnDesc { name: ""l_discount"", data_type: Decimal(Some(15), Some(2)), is_nullable: false, is_primary: false } }, ColumnCatalog { id: 7, desc: ColumnDesc { name: ""l_tax"", data_type: Decimal(Some(15), Some(2)), is_nullable: false, is_primary: false } }, ColumnCatalog { id: 8, desc: ColumnDesc { name: ""l_returnflag"", data_type: String, is_nullable: false, is_primary: false } }, ColumnCatalog { id: 9, desc: ColumnDesc { name: ""l_linestatus"", data_type: String, is_nullable: false, is_primary: false } }, ColumnCatalog { id: 10, desc: ColumnDesc { name: ""l_shipdate"", data_type: Date, is_nullable: false, is_primary: false } }, ColumnCatalog { id: 11, desc: ColumnDesc { name: ""l_commitdate"", data_type: Date, is_nullable: false, is_primary: false } }, ColumnCatalog { id: 12, desc: ColumnDesc { name: ""l_receiptdate"", data_type: Date, is_nullable: false, is_primary: false } }, ColumnCatalog { id: 13, desc: ColumnDesc { name: ""l_shipinstruct"", data_type: String, is_nullable: false, is_primary: false } }, ColumnCatalog { id: 14, desc: ColumnDesc { name: ""l_shipmode"", data_type: String, is_nullable: false, is_primary: false } }, ColumnCatalog { id: 15, desc: ColumnDesc { name: ""l_comment"", data_type: String, is_nullable: false, is_primary: false } }], ordered_pk_ids: [] })] }"
2,"RecExpr { nodes: [CreateTable(CreateTable { schema_id: 1, table_name: ""lineitem"", columns: [ColumnCatalog { id: 0, desc: ColumnDesc { name: ""l_orderkey"", data_type: Int32, is_nullable: false, is_primary: false } }, ColumnCatalog { id: 1, desc: ColumnDesc { name: ""l_partkey"", data_type: Int32, is_nullable: false, is_primary: false } }, ColumnCatalog { id: 2, desc: ColumnDesc { name: ""l_suppkey"", data_type: Int32, is_nullable: false, is_primary: false } }, ColumnCatalog { id: 3, desc: ColumnDesc { name: ""l_linenumber"", data_type: Int32, is_nullable: false, is_primary: false } }, ColumnCatalog { id: 4, desc: ColumnDesc { name: ""l_quantity"", data_type: Decimal(Some(15), Some(2)), is_nullable: false, is_primary: false } }, ColumnCatalog { id: 5, desc: ColumnDesc { name: ""l_extendedprice"", data_type: Decimal(Some(15), Some(2)), is_nullable: false, is_primary: false } }, ColumnCatalog { id: 6, desc: ColumnDesc { name: ""l_discount"", data_type: Decimal(Some(15), Some(2)), is_nullable: false, is_primary: false } }, ColumnCatalog { id: 7, desc: ColumnDesc { name: ""l_tax"", data_type: Decimal(Some(15), Some(2)), is_nullable: false, is_primary: false } }, ColumnCatalog { id: 8, desc: ColumnDesc { name: ""l_returnflag"", data_type: String, is_nullable: false, is_primary: false } }, ColumnCatalog { id: 9, desc: ColumnDesc { name: ""l_linestatus"", data_type: String, is_nullable: false, is_primary: false } }, ColumnCatalog { id: 10, desc: ColumnDesc { name: ""l_shipdate"", data_type: Date, is_nullable: false, is_primary: false } }, ColumnCatalog { id: 11, desc: ColumnDesc { name: ""l_commitdate"", data_type: Date, is_nullable: false, is_primary: false } }, ColumnCatalog { id: 12, desc: ColumnDesc { name: ""l_receiptdate"", data_type: Date, is_nullable: false, is_primary: false } }, ColumnCatalog { id: 13, desc: ColumnDesc { name: ""l_shipinstruct"", data_type: String, is_nullable: false, is_primary: false } }, ColumnCatalog { id: 14, desc: ColumnDesc { name: ""l_shipmode"", data_type: String, is_nullable: false, is_primary: false } }, ColumnCatalog { id: 15, desc: ColumnDesc { name: ""l_comment"", data_type: String, is_nullable: false, is_primary: false } }], ordered_pk_ids: [] })] }"
3,"RecExpr { nodes: [CreateTable(CreateTable { schema_id: 1, table_name: ""lineitem"", columns: [ColumnCatalog { id: 0, desc: ColumnDesc { name: ""l_orderkey"", data_type: Int32, is_nullable: false, is_primary: false } }, ColumnCatalog { id: 1, desc: ColumnDesc { name: ""l_partkey"", data_type: Int32, is_nullable: false, is_primary: false } }, ColumnCatalog { id: 2, desc: ColumnDesc { name: ""l_suppkey"", data_type: Int32, is_nullable: false, is_primary: false } }, ColumnCatalog { id: 3, desc: ColumnDesc { name: ""l_linenumber"", data_type: Int32, is_nullable: false, is_primary: false } }, ColumnCatalog { id: 4, desc: ColumnDesc { name: ""l_quantity"", data_type: Decimal(Some(15), Some(2)), is_nullable: false, is_primary: false } }, ColumnCatalog { id: 5, desc: ColumnDesc { name: ""l_extendedprice"", data_type: Decimal(Some(15), Some(2)), is_nullable: false, is_primary: false } }, ColumnCatalog { id: 6, desc: ColumnDesc { name: ""l_discount"", data_type: Decimal(Some(15), Some(2)), is_nullable: false, is_primary: false } }, ColumnCatalog { id: 7, desc: ColumnDesc { name: ""l_tax"", data_type: Decimal(Some(15), Some(2)), is_nullable: false, is_primary: false } }, ColumnCatalog { id: 8, desc: ColumnDesc { name: ""l_returnflag"", data_type: String, is_nullable: false, is_primary: false } }, ColumnCatalog { id: 9, desc: ColumnDesc { name: ""l_linestatus"", data_type: String, is_nullable: false, is_primary: false } }, ColumnCatalog { id: 10, desc: ColumnDesc { name: ""l_shipdate"", data_type: Date, is_nullable: false, is_primary: false } }, ColumnCatalog { id: 11, desc: ColumnDesc { name: ""l_commitdate"", data_type: Date, is_nullable: false, is_primary: false } }, ColumnCatalog { id: 12, desc: ColumnDesc { name: ""l_receiptdate"", data_type: Date, is_nullable: false, is_primary: false } }, ColumnCatalog { id: 13, desc: ColumnDesc { name: ""l_shipinstruct"", data_type: String, is_nullable: false, is_primary: false } }, ColumnCatalog { id: 14, desc: ColumnDesc { name: ""l_shipmode"", data_type: String, is_nullable: false, is_primary: false } }, ColumnCatalog { id: 15, desc: ColumnDesc { name: ""l_comment"", data_type: String, is_nullable: false, is_primary: false } }], ordered_pk_ids: [] })] }"
0,"RecExpr { nodes: [Type(Struct([Int32, String, String, Int32, String, Decimal(Some(15), Some(2)), String, String])), ExtSource(ExtSource { path: ""tpch-dbgen/tbl/customer.tbl"", format: Csv { delimiter: '|', quote: '""', escape: None, header: false } }), CopyFrom([1, 0]), Column($5.7), Column($5.6), Column($5.5), Column($5.4), Column($5.3), Column($5.2), Column($5.1), Column($5.0), List([10, 9, 8, 7, 6, 5, 4, 3]), Table($5), Insert([12, 11, 2])] }"
1,"RecExpr { nodes: [Type(Struct([Int32, String, String, Int32, String, Decimal(Some(15), Some(2)), String, String])), ExtSource(ExtSource { path: ""tpch-dbgen/tbl/customer.tbl"", format: Csv { delimiter: '|', quote: '""', escape: None, header: false } }), CopyFrom([1, 0]), Column($5.7), Column($5.6), Column($5.5), Column($5.4), Column($5.3), Column($5.2), Column($5.1), Column($5.0), List([10, 9, 8, 7, 6, 5, 4, 3]), Table($5), Insert([12, 11, 2])] }"
2,"RecExpr { nodes: [Type(Struct([Int32, String, String, Int32, String, Decimal(Some(15), Some(2)), String, String])), ExtSource(ExtSource { path: ""tpch-dbgen/tbl/customer.tbl"", format: Csv { delimiter: '|', quote: '""', escape: None, header: false } }), CopyFrom([1, 0]), Column($5.7), Column($5.6), Column($5.5), Column($5.4), Column($5.3), Column($5.2), Column($5.1), Column($5.0), List([10, 9, 8, 7, 6, 5, 4, 3]), Table($5), Insert([12, 11, 2])] }"
3,"RecExpr { nodes: [Type(Struct([Int32, String, String, Int32, String, Decimal(Some(15), Some(2)), String, String])), ExtSource(ExtSource { path: ""tpch-dbgen/tbl/customer.tbl"", format: Csv { delimiter: '|', quote: '""', escape: None, header: false } }), CopyFrom([1, 0]), Column($5.7), Column($5.6), Column($5.5), Column($5.4), Column($5.3), Column($5.2), Column($5.1), Column($5.0), List([10, 9, 8, 7, 6, 5, 4, 3]), Table($5), Insert([12, 11, 2])] }"
0,"RecExpr { nodes: [Type(Struct([Int32, String, Int32, String])), ExtSource(ExtSource { path: ""tpch-dbgen/tbl/nation.tbl"", format: Csv { delimiter: '|', quote: '""', escape: None, header: false } }), CopyFrom([1, 0]), Column($0.3), Column($0.2), Column($0.1), Column($0.0), List([6, 5, 4, 3]), Table($0), Insert([8, 7, 2])] }"
1,"RecExpr { nodes: [Type(Struct([Int32, String, Int32, String])), ExtSource(ExtSource { path: ""tpch-dbgen/tbl/nation.tbl"", format: Csv { delimiter: '|', quote: '""', escape: None, header: false } }), CopyFrom([1, 0]), Column($0.3), Column($0.2), Column($0.1), Column($0.0), List([6, 5, 4, 3]), Table($0), Insert([8, 7, 2])] }"
2,"RecExpr { nodes: [Type(Struct([Int32, String, Int32, String])), ExtSource(ExtSource { path: ""tpch-dbgen/tbl/nation.tbl"", format: Csv { delimiter: '|', quote: '""', escape: None, header: false } }), CopyFrom([1, 0]), Column($0.3), Column($0.2), Column($0.1), Column($0.0), List([6, 5, 4, 3]), Table($0), Insert([8, 7, 2])] }"
3,"RecExpr { nodes: [Type(Struct([Int32, String, Int32, String])), ExtSource(ExtSource { path: ""tpch-dbgen/tbl/nation.tbl"", format: Csv { delimiter: '|', quote: '""', escape: None, header: false } }), CopyFrom([1, 0]), Column($0.3), Column($0.2), Column($0.1), Column($0.0), List([6, 5, 4, 3]), Table($0), Insert([8, 7, 2])] }"
0,"RecExpr { nodes: [Type(Struct([Int32, Int32, String, Decimal(Some(15), Some(2)), Date, String, String, Int32, String])), ExtSource(ExtSource { path: ""tpch-dbgen/tbl/orders.tbl"", format: Csv { delimiter: '|', quote: '""', escape: None, header: false } }), CopyFrom([1, 0]), Column($6.8), Column($6.7), Column($6.6), Column($6.5), Column($6.4), Column($6.3), Column($6.2), Column($6.1), Column($6.0), List([11, 10, 9, 8, 7, 6, 5, 4, 3]), Table($6), Insert([13, 12, 2])] }"
1,"RecExpr { nodes: [Type(Struct([Int32, Int32, String, Decimal(Some(15), Some(2)), Date, String, String, Int32, String])), ExtSource(ExtSource { path: ""tpch-dbgen/tbl/orders.tbl"", format: Csv { delimiter: '|', quote: '""', escape: None, header: false } }), CopyFrom([1, 0]), Column($6.8), Column($6.7), Column($6.6), Column($6.5), Column($6.4), Column($6.3), Column($6.2), Column($6.1), Column($6.0), List([11, 10, 9, 8, 7, 6, 5, 4, 3]), Table($6), Insert([13, 12, 2])] }"
2,"RecExpr { nodes: [Type(Struct([Int32, Int32, String, Decimal(Some(15), Some(2)), Date, String, String, Int32, String])), ExtSource(ExtSource { path: ""tpch-dbgen/tbl/orders.tbl"", format: Csv { delimiter: '|', quote: '""', escape: None, header: false } }), CopyFrom([1, 0]), Column($6.8), Column($6.7), Column($6.6), Column($6.5), Column($6.4), Column($6.3), Column($6.2), Column($6.1), Column($6.0), List([11, 10, 9, 8, 7, 6, 5, 4, 3]), Table($6), Insert([13, 12, 2])] }"
3,"RecExpr { nodes: [Type(Struct([Int32, Int32, String, Decimal(Some(15), Some(2)), Date, String, String, Int32, String])), ExtSource(ExtSource { path: ""tpch-dbgen/tbl/orders.tbl"", format: Csv { delimiter: '|', quote: '""', escape: None, header: false } }), CopyFrom([1, 0]), Column($6.8), Column($6.7), Column($6.6), Column($6.5), Column($6.4), Column($6.3), Column($6.2), Column($6.1), Column($6.0), List([11, 10, 9, 8, 7, 6, 5, 4, 3]), Table($6), Insert([13, 12, 2])] }"
0,"RecExpr { nodes: [Type(Struct([Int32, String, String, String, String, Int32, String, Decimal(Some(15), Some(2)), String])), ExtSource(ExtSource { path: ""tpch-dbgen/tbl/part.tbl"", format: Csv { delimiter: '|', quote: '""', escape: None, header: false } }), CopyFrom([1, 0]), Column($2.8), Column($2.7), Column($2.6), Column($2.5), Column($2.4), Column($2.3), Column($2.2), Column($2.1), Column($2.0), List([11, 10, 9, 8, 7, 6, 5, 4, 3]), Table($2), Insert([13, 12, 2])] }"
1,"RecExpr { nodes: [Type(Struct([Int32, String, String, String, String, Int32, String, Decimal(Some(15), Some(2)), String])), ExtSource(ExtSource { path: ""tpch-dbgen/tbl/part.tbl"", format: Csv { delimiter: '|', quote: '""', escape: None, header: false } }), CopyFrom([1, 0]), Column($2.8), Column($2.7), Column($2.6), Column($2.5), Column($2.4), Column($2.3), Column($2.2), Column($2.1), Column($2.0), List([11, 10, 9, 8, 7, 6, 5, 4, 3]), Table($2), Insert([13, 12, 2])] }"
2,"RecExpr { nodes: [Type(Struct([Int32, String, String, String, String, Int32, String, Decimal(Some(15), Some(2)), String])), ExtSource(ExtSource { path: ""tpch-dbgen/tbl/part.tbl"", format: Csv { delimiter: '|', quote: '""', escape: None, header: false } }), CopyFrom([1, 0]), Column($2.8), Column($2.7), Column($2.6), Column($2.5), Column($2.4), Column($2.3), Column($2.2), Column($2.1), Column($2.0), List([11, 10, 9, 8, 7, 6, 5, 4, 3]), Table($2), Insert([13, 12, 2])] }"
3,"RecExpr { nodes: [Type(Struct([Int32, String, String, String, String, Int32, String, Decimal(Some(15), Some(2)), String])), ExtSource(ExtSource { path: ""tpch-dbgen/tbl/part.tbl"", format: Csv { delimiter: '|', quote: '""', escape: None, header: false } }), CopyFrom([1, 0]), Column($2.8), Column($2.7), Column($2.6), Column($2.5), Column($2.4), Column($2.3), Column($2.2), Column($2.1), Column($2.0), List([11, 10, 9, 8, 7, 6, 5, 4, 3]), Table($2), Insert([13, 12, 2])] }"
0,"RecExpr { nodes: [Type(Struct([Int32, Int32, Int32, Decimal(Some(15), Some(2)), String])), ExtSource(ExtSource { path: ""tpch-dbgen/tbl/partsupp.tbl"", format: Csv { delimiter: '|', quote: '""', escape: None, header: false } }), CopyFrom([1, 0]), Column($4.4), Column($4.3), Column($4.2), Column($4.1), Column($4.0), List([7, 6, 5, 4, 3]), Table($4), Insert([9, 8, 2])] }"
1,"RecExpr { nodes: [Type(Struct([Int32, Int32, Int32, Decimal(Some(15), Some(2)), String])), ExtSource(ExtSource { path: ""tpch-dbgen/tbl/partsupp.tbl"", format: Csv { delimiter: '|', quote: '""', escape: None, header: false } }), CopyFrom([1, 0]), Column($4.4), Column($4.3), Column($4.2), Column($4.1), Column($4.0), List([7, 6, 5, 4, 3]), Table($4), Insert([9, 8, 2])] }"
2,"RecExpr { nodes: [Type(Struct([Int32, Int32, Int32, Decimal(Some(15), Some(2)), String])), ExtSource(ExtSource { path: ""tpch-dbgen/tbl/partsupp.tbl"", format: Csv { delimiter: '|', quote: '""', escape: None, header: false } }), CopyFrom([1, 0]), Column($4.4), Column($4.3), Column($4.2), Column($4.1), Column($4.0), List([7, 6, 5, 4, 3]), Table($4), Insert([9, 8, 2])] }"
3,"RecExpr { nodes: [Type(Struct([Int32, Int32, Int32, Decimal(Some(15), Some(2)), String])), ExtSource(ExtSource { path: ""tpch-dbgen/tbl/partsupp.tbl"", format: Csv { delimiter: '|', quote: '""', escape: None, header: false } }), CopyFrom([1, 0]), Column($4.4), Column($4.3), Column($4.2), Column($4.1), Column($4.0), List([7, 6, 5, 4, 3]), Table($4), Insert([9, 8, 2])] }"
0,"RecExpr { nodes: [Type(Struct([Int32, String, String])), ExtSource(ExtSource { path: ""tpch-dbgen/tbl/region.tbl"", format: Csv { delimiter: '|', quote: '""', escape: None, header: false } }), CopyFrom([1, 0]), Column($1.2), Column($1.1), Column($1.0), List([5, 4, 3]), Table($1), Insert([7, 6, 2])] }"
1,"RecExpr { nodes: [Type(Struct([Int32, String, String])), ExtSource(ExtSource { path: ""tpch-dbgen/tbl/region.tbl"", format: Csv { delimiter: '|', quote: '""', escape: None, header: false } }), CopyFrom([1, 0]), Column($1.2), Column($1.1), Column($1.0), List([5, 4, 3]), Table($1), Insert([7, 6, 2])] }"
2,"RecExpr { nodes: [Type(Struct([Int32, String, String])), ExtSource(ExtSource { path: ""tpch-dbgen/tbl/region.tbl"", format: Csv { delimiter: '|', quote: '""', escape: None, header: false } }), CopyFrom([1, 0]), Column($1.2), Column($1.1), Column($1.0), List([5, 4, 3]), Table($1), Insert([7, 6, 2])] }"
3,"RecExpr { nodes: [Type(Struct([Int32, String, String])), ExtSource(ExtSource { path: ""tpch-dbgen/tbl/region.tbl"", format: Csv { delimiter: '|', quote: '""', escape: None, header: false } }), CopyFrom([1, 0]), Column($1.2), Column($1.1), Column($1.0), List([5, 4, 3]), Table($1), Insert([7, 6, 2])] }"
0,"RecExpr { nodes: [Type(Struct([Int32, String, String, Int32, String, Decimal(Some(15), Some(2)), String])), ExtSource(ExtSource { path: ""tpch-dbgen/tbl/supplier.tbl"", format: Csv { delimiter: '|', quote: '""', escape: None, header: false } }), CopyFrom([1, 0]), Column($3.6), Column($3.5), Column($3.4), Column($3.3), Column($3.2), Column($3.1), Column($3.0), List([9, 8, 7, 6, 5, 4, 3]), Table($3), Insert([11, 10, 2])] }"
1,"RecExpr { nodes: [Type(Struct([Int32, String, String, Int32, String, Decimal(Some(15), Some(2)), String])), ExtSource(ExtSource { path: ""tpch-dbgen/tbl/supplier.tbl"", format: Csv { delimiter: '|', quote: '""', escape: None, header: false } }), CopyFrom([1, 0]), Column($3.6), Column($3.5), Column($3.4), Column($3.3), Column($3.2), Column($3.1), Column($3.0), List([9, 8, 7, 6, 5, 4, 3]), Table($3), Insert([11, 10, 2])] }"
2,"RecExpr { nodes: [Type(Struct([Int32, String, String, Int32, String, Decimal(Some(15), Some(2)), String])), ExtSource(ExtSource { path: ""tpch-dbgen/tbl/supplier.tbl"", format: Csv { delimiter: '|', quote: '""', escape: None, header: false } }), CopyFrom([1, 0]), Column($3.6), Column($3.5), Column($3.4), Column($3.3), Column($3.2), Column($3.1), Column($3.0), List([9, 8, 7, 6, 5, 4, 3]), Table($3), Insert([11, 10, 2])] }"
3,"RecExpr { nodes: [Type(Struct([Int32, String, String, Int32, String, Decimal(Some(15), Some(2)), String])), ExtSource(ExtSource { path: ""tpch-dbgen/tbl/supplier.tbl"", format: Csv { delimiter: '|', quote: '""', escape: None, header: false } }), CopyFrom([1, 0]), Column($3.6), Column($3.5), Column($3.4), Column($3.3), Column($3.2), Column($3.1), Column($3.0), List([9, 8, 7, 6, 5, 4, 3]), Table($3), Insert([11, 10, 2])] }"
0,"RecExpr { nodes: [Type(Struct([Int32, Int32, Int32, Int32, Decimal(Some(15), Some(2)), Decimal(Some(15), Some(2)), Decimal(Some(15), Some(2)), Decimal(Some(15), Some(2)), String, String, Date, Date, Date, String, String, String])), ExtSource(ExtSource { path: ""tpch-dbgen/tbl/lineitem.tbl"", format: Csv { delimiter: '|', quote: '""', escape: None, header: false } }), CopyFrom([1, 0]), Column($7.15), Column($7.14), Column($7.13), Column($7.12), Column($7.11), Column($7.10), Column($7.9), Column($7.8), Column($7.7), Column($7.6), Column($7.5), Column($7.4), Column($7.3), Column($7.2), Column($7.1), Column($7.0), List([18, 17, 16, 15, 14, 13, 12, 11, 10, 9, 8, 7, 6, 5, 4, 3]), Table($7), Insert([20, 19, 2])] }"
1,"RecExpr { nodes: [Type(Struct([Int32, Int32, Int32, Int32, Decimal(Some(15), Some(2)), Decimal(Some(15), Some(2)), Decimal(Some(15), Some(2)), Decimal(Some(15), Some(2)), String, String, Date, Date, Date, String, String, String])), ExtSource(ExtSource { path: ""tpch-dbgen/tbl/lineitem.tbl"", format: Csv { delimiter: '|', quote: '""', escape: None, header: false } }), CopyFrom([1, 0]), Column($7.15), Column($7.14), Column($7.13), Column($7.12), Column($7.11), Column($7.10), Column($7.9), Column($7.8), Column($7.7), Column($7.6), Column($7.5), Column($7.4), Column($7.3), Column($7.2), Column($7.1), Column($7.0), List([18, 17, 16, 15, 14, 13, 12, 11, 10, 9, 8, 7, 6, 5, 4, 3]), Table($7), Insert([20, 19, 2])] }"
2,"RecExpr { nodes: [Type(Struct([Int32, Int32, Int32, Int32, Decimal(Some(15), Some(2)), Decimal(Some(15), Some(2)), Decimal(Some(15), Some(2)), Decimal(Some(15), Some(2)), String, String, Date, Date, Date, String, String, String])), ExtSource(ExtSource { path: ""tpch-dbgen/tbl/lineitem.tbl"", format: Csv { delimiter: '|', quote: '""', escape: None, header: false } }), CopyFrom([1, 0]), Column($7.15), Column($7.14), Column($7.13), Column($7.12), Column($7.11), Column($7.10), Column($7.9), Column($7.8), Column($7.7), Column($7.6), Column($7.5), Column($7.4), Column($7.3), Column($7.2), Column($7.1), Column($7.0), List([18, 17, 16, 15, 14, 13, 12, 11, 10, 9, 8, 7, 6, 5, 4, 3]), Table($7), Insert([20, 19, 2])] }"
3,"RecExpr { nodes: [Type(Struct([Int32, Int32, Int32, Int32, Decimal(Some(15), Some(2)), Decimal(Some(15), Some(2)), Decimal(Some(15), Some(2)), Decimal(Some(15), Some(2)), String, String, Date, Date, Date, String, String, String])), ExtSource(ExtSource { path: ""tpch-dbgen/tbl/lineitem.tbl"", format: Csv { delimiter: '|', quote: '""', escape: None, header: false } }), CopyFrom([1, 0]), Column($7.15), Column($7.14), Column($7.13), Column($7.12), Column($7.11), Column($7.10), Column($7.9), Column($7.8), Column($7.7), Column($7.6), Column($7.5), Column($7.4), Column($7.3), Column($7.2), Column($7.1), Column($7.0), List([18, 17, 16, 15, 14, 13, 12, 11, 10, 9, 8, 7, 6, 5, 4, 3]), Table($7), Insert([20, 19, 2])] }"
0,"RecExpr { nodes: [Constant(Bool(true)), Column($2.8), Column($2.7), Column($2.6), Column($2.5), Column($2.4), Column($2.3), Column($2.2), Column($2.1), Column($2.0), List([9, 8, 7, 6, 5, 4, 3, 2, 1]), Table($2), Scan([11, 10, 0]), Column($4.4), Column($4.3), Column($4.2), Column($4.1), Column($4.0), List([17, 16, 15, 14, 13]), Table($4), Scan([19, 18, 0]), Inner, Join([21, 0, 20, 12]), Column($3.6), Column($3.5), Column($3.4), Column($3.3), Column($3.2), Column($3.1), Column($3.0), List([29, 28, 27, 26, 25, 24, 23]), Table($3), Scan([31, 30, 0]), Constant(String(""%Customer%Complaints%"")), Like([23, 33]), Filter([34, 32]), Filter([0, 35]), List([]), Order([37, 36]), List([29]), Proj([39, 38]), Constant(Int32(0)), Constant(Null), Limit([42, 41, 40]), In([16, 43]), Not(44), Constant(Int32(9)), Constant(Int32(36)), Constant(Int32(3)), Constant(Int32(19)), Constant(Int32(45)), Constant(Int32(23)), Constant(Int32(14)), Constant(Int32(49)), List([53, 52, 51, 50, 49, 48, 47, 46]), In([4, 54]), Constant(String(""MEDIUM POLISHED%"")), Like([5, 56]), Not(57), Constant(String(""Brand#45"")), NotEq([6, 59]), Eq([9, 17]), And([61, 60]), And([62, 58]), And([63, 55]), And([64, 45]), Filter([65, 22]), CountDistinct(16), List([67]), List([6, 5, 4]), HashAgg([69, 68, 66]), Filter([0, 70]), Ref(67), Desc(72), List([73, 6, 5, 4]), Order([74, 71]), List([6, 5, 4, 72]), Proj([76, 75]), Limit([42, 41, 77])] }"
1,"RecExpr { nodes: [Constant(Bool(true)), Column($3.6), Column($3.5), Column($3.4), Column($3.3), Column($3.2), Column($3.1), Column($3.0), List([7, 6, 5, 4, 3, 2, 1]), Table($3), Scan([9, 8, 0]), Constant(String(""%Customer%Complaints%"")), Like([1, 11]), Filter([12, 10]), List([7]), Proj([14, 13]), Column($2.8), Column($2.7), Column($2.6), Column($2.5), Column($2.4), Column($2.3), Column($2.2), Column($2.1), Column($2.0), List([24, 23, 22, 21, 20, 19, 18, 17, 16]), Table($2), Scan([26, 25, 0]), Column($4.4), Column($4.3), Column($4.2), Column($4.1), Column($4.0), List([32, 31, 30, 29, 28]), Table($4), Scan([34, 33, 0]), Inner, Join([36, 0, 35, 27]), Constant(String(""MEDIUM POLISHED%"")), Like([20, 38]), Not(39), Eq([24, 32]), And([41, 40]), Constant(String(""Brand#45"")), NotEq([21, 43]), And([44, 42]), Filter([45, 37]), Eq([7, 31]), Anti, Join([48, 47, 46, 15]), Constant(Int32(9)), Constant(Int32(36)), Constant(Int32(3)), Constant(Int32(19)), Constant(Int32(45)), Constant(Int32(23)), Constant(Int32(14)), Constant(Int32(49)), List([57, 56, 55, 54, 53, 52, 51, 50]), In([19, 58]), Filter([59, 49]), CountDistinct(31), List([61]), List([21, 20, 19]), HashAgg([63, 62, 60]), Ref(61), Desc(65), List([66, 21, 20, 19]), Order([67, 64]), List([21, 20, 19, 65]), Proj([69, 68])] }"
2,"RecExpr { nodes: [Constant(Bool(true)), Column($3.6), Column($3.0), List([2, 1]), Table($3), Scan([4, 3, 0]), Constant(String(""%Customer%Complaints%"")), Like([1, 6]), Filter([7, 5]), List([2]), Proj([9, 8]), Column($2.5), Column($2.4), Column($2.3), Column($2.0), List([14, 13, 12, 11]), Table($2), Scan([16, 15, 0]), Constant(Int32(9)), Constant(Int32(36)), Constant(Int32(3)), Constant(Int32(19)), Constant(Int32(45)), Constant(Int32(23)), Constant(Int32(14)), Constant(Int32(49)), List([25, 24, 23, 22, 21, 20, 19, 18]), In([11, 26]), Constant(String(""Brand#45"")), NotEq([13, 28]), And([29, 27]), Constant(String(""MEDIUM POLISHED%"")), Like([12, 31]), Not(32), And([33, 30]), Filter([34, 17]), Column($4.1), Column($4.0), List([37, 36]), Table($4), Scan([39, 38, 0]), Eq([14, 37]), Inner, Join([42, 41, 40, 35]), List([36, 13, 12, 11]), Proj([44, 43]), Eq([2, 36]), Anti, Join([47, 46, 45, 10]), CountDistinct(36), List([49]), List([13, 12, 11]), HashAgg([51, 50, 48]), Ref(49), Desc(53), List([54, 13, 12, 11]), Order([55, 52]), List([13, 12, 11, 53]), Proj([57, 56])] }"
3,"RecExpr { nodes: [Constant(Bool(true)), Column($3.6), Column($3.0), List([2, 1]), Table($3), Scan([4, 3, 0]), Constant(String(""%Customer%Complaints%"")), Like([1, 6]), Filter([7, 5]), List([2]), Proj([9, 8]), Column($4.1), Column($4.0), List([12, 11]), Table($4), Scan([14, 13, 0]), Column($2.5), Column($2.4), Column($2.3), Column($2.0), List([19, 18, 17, 16]), Table($2), Scan([21, 20, 0]), Constant(Int32(9)), Constant(Int32(36)), Constant(Int32(3)), Constant(Int32(19)), Constant(Int32(45)), Constant(Int32(23)), Constant(Int32(14)), Constant(Int32(49)), List([30, 29, 28, 27, 26, 25, 24, 23]), In([16, 31]), Constant(String(""Brand#45"")), NotEq([18, 33]), And([34, 32]), Constant(String(""MEDIUM POLISHED%"")), Like([17, 36]), Not(37), And([38, 35]), Filter([39, 22]), List([12]), List([19]), Inner, HashJoin([43, 0, 42, 41, 40, 15]), List([11, 18, 17, 16]), Proj([45, 44]), List([11]), Anti, HashJoin([48, 0, 47, 9, 46, 10]), CountDistinct(11), List([50]), List([18, 17, 16]), HashAgg([52, 51, 49]), Ref(50), Desc(54), List([55, 18, 17, 16]), Order([56, 53]), List([18, 17, 16, 54]), Proj([58, 57])] }"
